,Index,CGGNN 1 Predicted target,CGGNN 2 Predicted target,CGGNN 3 Predicted target,CGGNN 4 Predicted target,CGGNN 5 Predicted target,GAT 1 Predicted target,GAT 2 Predicted target,GAT 3 Predicted target,GAT 4 Predicted target,GAT 5 Predicted target,GCN 1 Predicted target,GCN 2 Predicted target,GCN 3 Predicted target,GCN 4 Predicted target,GCN 5 Predicted target,GraphSAGE 1 Predicted target,GraphSAGE 2 Predicted target,GraphSAGE 3 Predicted target,GraphSAGE 4 Predicted target,GraphSAGE 5 Predicted target,MPNN 1 Predicted target,MPNN 2 Predicted target,MPNN 3 Predicted target,MPNN 4 Predicted target,MPNN 5 Predicted target,TransformerConvGNN 1 Predicted target,TransformerConvGNN 2 Predicted target,TransformerConvGNN 3 Predicted target,TransformerConvGNN 4 Predicted target,TransformerConvGNN 5 Predicted target,Average Pred,Std. Dev
0,c1,2.229962,2.2270617,2.1052713,2.1037705,2.1444752,2.2139611,2.1978266,2.0387673,2.1523573,2.1906426,2.1239114,2.1774611,2.0453339,2.0763376,2.0801094,2.107734,2.2502546,1.6916113,2.0758688,2.3440094,2.1408887,2.1714342,2.1110775,2.1012058,2.1797283,2.2362874,2.079355,2.1297631,2.0943818,2.1371415,2.131933013,0.107693142
1,c2,1.9191484,2.0644238,1.9591844,1.9625008,1.9486355,1.8827727,1.9886878,2.0685062,2.1148672,1.9964881,2.0653832,1.8683362,2.0180464,1.9754063,2.0158894,1.6667628,2.1743493,1.6675917,1.9474219,1.935077,2.0985556,2.0171156,1.9975768,1.9342586,2.0743053,2.0348659,1.9157498,2.0904763,1.9733495,1.9950677,1.979026673,0.110449516
2,c3,2.2918997,2.310015,2.1658525,2.170958,2.2671285,2.2982168,2.2870584,2.0786128,2.2614753,2.289602,2.2817695,2.3154852,2.2543755,2.1685724,2.2098224,2.2967417,2.2997603,1.8335571,2.1764495,2.3155785,2.2871423,2.2683733,2.2098224,2.1881762,2.293673,2.2836313,2.2343335,2.193754,2.2595744,2.279904,2.235710517,0.095334155
